{"cameraMode":{"drawMode":0,"name":"Shaded","section":"Shading Mode"},"sceneLighting":false,"audioPlay":false,"sceneViewState":{"showFog":true,"showMaterialUpdate":false,"showSkybox":false,"showFlares":true,"showImageEffects":true,"showParticleSystems":true},"in2DMode":false,"pivot":{"x":0.0,"y":17.000625610351564,"z":-139.8072967529297},"rotation":{"x":-0.00018614392320159823,"y":-0.992289125919342,"z":0.1244935393333435,"w":-0.0015104464255273343},"size":23.237197875976564,"orthographic":false}