{"cameraMode":{"drawMode":0,"name":"Shaded","section":"Shading Mode"},"sceneLighting":false,"audioPlay":false,"sceneViewState":{"showFog":true,"showMaterialUpdate":false,"showSkybox":false,"showFlares":true,"showImageEffects":true,"showParticleSystems":true},"in2DMode":false,"pivot":{"x":0.0006253719329833984,"y":17.0,"z":-219.8072967529297},"rotation":{"x":-0.04484157636761665,"y":-0.9522683620452881,"z":0.2485477775335312,"w":-0.1718326210975647},"size":23.237205505371095,"orthographic":false}