{"cameraMode":{"drawMode":0,"name":"Shaded","section":"Shading Mode"},"sceneLighting":false,"audioPlay":false,"sceneViewState":{"showFog":true,"showMaterialUpdate":false,"showSkybox":true,"showFlares":true,"showImageEffects":true,"showParticleSystems":true},"in2DMode":false,"pivot":{"x":561.749755859375,"y":406.02191162109377,"z":189.6688232421875},"rotation":{"x":-0.08122476190328598,"y":0.0015371846966445447,"z":-0.00010335256956750527,"w":-0.9967697262763977},"size":1655.233642578125,"orthographic":false}