{"cameraMode":{"drawMode":0,"name":"Shaded","section":"Shading Mode"},"sceneLighting":false,"audioPlay":false,"sceneViewState":{"showFog":true,"showMaterialUpdate":false,"showSkybox":true,"showFlares":true,"showImageEffects":true,"showParticleSystems":true},"in2DMode":false,"pivot":{"x":625.9911499023438,"y":377.5,"z":-65.54834747314453},"rotation":{"x":0.03330294042825699,"y":0.009228397160768509,"z":-0.00042515809764154255,"w":0.99948650598526},"size":2080.57080078125,"orthographic":false}