{"cameraMode":{"drawMode":0,"name":"Shaded","section":"Shading Mode"},"sceneLighting":false,"audioPlay":false,"sceneViewState":{"showFog":true,"showMaterialUpdate":false,"showSkybox":false,"showFlares":true,"showImageEffects":true,"showParticleSystems":true},"in2DMode":false,"pivot":{"x":1.500187873840332,"y":16.93010902404785,"z":-19.24542808532715},"rotation":{"x":-0.00018614392320159823,"y":-0.992289125919342,"z":0.1244935393333435,"w":-0.0015104464255273343},"size":16.69292640686035,"orthographic":false}